income,months,lives_alone,school_distance_km,cooks_at_home,transport_required,family_support,budget_plan
60000,2,1,1,1,0,0,survival
65000,2,1,1,1,0,0,survival
70000,2,1,1,1,0,0,survival
75000,2,1,1,1,0,1,survival
80000,2,1,1,1,0,0,balanced
80000,2,1,2,1,0,0,balanced
85000,2,1,1,1,0,0,balanced
90000,2,1,1,1,0,0,balanced
90000,2,1,2,1,0,1,balanced
95000,2,1,1,1,0,0,balanced
100000,2,1,1,1,0,0,balanced
100000,2,1,2,1,1,0,balanced
105000,2,1,1,1,0,0,balanced
110000,2,1,1,1,0,1,balanced
110000,2,1,2,1,1,0,balanced
115000,2,1,1,1,0,0,balanced
120000,2,1,1,1,0,1,balanced
120000,2,1,2,1,1,0,balanced
125000,2,1,1,1,0,0,balanced
130000,2,1,1,1,0,1,balanced
70000,2,1,3,0,1,0,survival
75000,2,1,4,0,1,0,survival
80000,2,1,3,0,1,0,survival
85000,2,1,4,0,1,0,survival
90000,2,1,3,1,1,0,survival
95000,2,1,4,1,1,0,balanced
100000,2,1,3,1,1,0,balanced
105000,2,1,4,1,1,0,balanced
110000,2,1,3,1,1,1,balanced
115000,2,1,4,1,1,1,balanced
120000,2,1,3,1,1,0,balanced
125000,2,1,4,1,1,0,balanced
130000,2,1,3,1,1,1,comfortable
135000,2,1,4,1,1,1,comfortable
140000,2,1,3,1,1,1,comfortable
145000,2,1,4,1,1,1,comfortable
150000,2,1,3,1,1,1,comfortable
160000,2,1,4,1,1,1,comfortable
170000,2,1,3,1,1,1,comfortable
180000,2,1,4,1,1,1,comfortable
60000,2,0,1,1,0,0,survival
65000,2,0,1,1,0,0,survival
70000,2,0,1,1,0,0,survival
75000,2,0,1,1,0,1,survival
80000,2,0,1,1,0,1,balanced
85000,2,0,1,1,0,1,balanced
90000,2,0,1,1,0,1,balanced
95000,2,0,2,1,0,1,balanced
100000,2,0,1,1,0,1,balanced
105000,2,0,2,1,0,1,balanced
110000,2,0,1,1,0,1,balanced
115000,2,0,2,1,0,1,balanced
120000,2,0,1,1,0,1,comfortable
125000,2,0,2,1,0,1,comfortable
130000,2,0,1,1,0,1,comfortable
135000,2,0,2,1,0,1,comfortable
140000,2,0,1,1,0,1,comfortable
150000,2,0,2,1,0,1,comfortable
160000,2,0,1,1,0,1,comfortable
170000,2,0,2,1,0,1,comfortable
80000,2,1,5,0,1,0,survival
85000,2,1,5,0,1,0,survival
90000,2,1,5,0,1,0,survival
95000,2,1,5,1,1,0,survival
100000,2,1,5,1,1,0,balanced
105000,2,1,5,1,1,0,balanced
110000,2,1,5,1,1,0,balanced
115000,2,1,5,1,1,0,balanced
120000,2,1,5,1,1,0,balanced
125000,2,1,5,1,1,1,balanced
130000,2,1,5,1,1,1,balanced
135000,2,1,5,1,1,1,comfortable
140000,2,1,5,1,1,1,comfortable
145000,2,1,5,1,1,1,comfortable
150000,2,1,5,1,1,1,comfortable
160000,2,1,5,1,1,1,comfortable
170000,2,1,5,1,1,1,comfortable
180000,2,1,5,1,1,1,comfortable
190000,2,1,5,1,1,1,comfortable
200000,2,1,5,1,1,1,comfortable
60000,2,1,1,0,0,0,survival
70000,2,1,1,0,0,0,survival
80000,2,1,1,0,0,0,survival
90000,2,1,1,0,0,0,survival
100000,2,1,1,0,0,0,balanced
110000,2,1,1,0,0,0,balanced
120000,2,1,1,0,0,0,balanced
130000,2,1,1,0,0,0,comfortable
140000,2,1,1,0,0,0,comfortable
150000,2,1,1,0,0,0,comfortable